timestamp,action,note
2026-07-27T03:20:49,start,"M0 scaffolding session (repo contract, skeleton, hours tooling, CI)"
2026-07-27T04:03:02,note,"M1 built: tileforge in-project, pixel-match + net16 green, arena + bitgrid, CI job"
2026-07-27T04:10:21,note,"M2 started (pcg32 + input_frame); session moving to game-repo-rooted chat"
2026-07-27T04:10:21,stop,"reconstructed: session ended at last note; stop was missed"
2026-07-27T06:41:09,start,"M2 continuation: SimWorld spine onward"
2026-07-27T07:14:05,note,"M2 executed end-to-end in game-repo session: spine+smoke, driver+input, camera+interp, spriteforge player, stress VERDICT PASS (1950fps min @600), speed editor. Feel pass pending."
2026-07-27T08:12:31,note,"PROVISIONAL feel note (tired): movement smoothness. Probe built; pipeline measured clean at 60Hz; walk anim 8->12fps velocity-scaled (provisional); ledger #8 filed; #6 closed by stress verdict."
2026-07-27T08:15:32,note,"Second PROVISIONAL feel note (still tired session): walk-rate change lands - 'i guess that feels good i think'. Positive but hedged; NOT logged as the M2 feel verdict per fresh-hands rule. Rested day-start pass still owns the close."
2026-07-27T08:39:51,note,"M3 engineering complete in one push: weapons+fire path w/ CORE-32 proofs, motion programs+hit registry, terrain+snag log, replay capture+goldens 10x verified+CI, remap UI+settings persistence, GIF pipeline. Channels+first GIF post = designer."
2026-07-27T08:51:52,note,"Lag report triaged: 32ms/capture GIF readback (now armed-mode), 141KB->11KB sparse serialization (hash 2.5->0.28ms), stale instances killed. Goldens regenerated+verified."
2026-07-27T08:59:20,note,"Lag round 2: measured 60fps locked windowed -> latency diagnosis; frame_queue_size 1; fps on HUD; flush fix. Sphere projectiles per designer call (visual=hitbox)."
2026-07-27T09:09:55,note,"Feel pass: spike log implicated environment (fullscreen now default), tap buffer (+5 recovered volleys in smoke), motion-stretched shots. Goldens regen v4."
2026-07-27T09:15:11,note,"PROVISIONAL feel note: movement feels better after snap default (A/B pt 1 holding). Designer actively play-testing weapons."
2026-07-27T09:18:34,note,"PROVISIONAL: projectiles 'pretty cool'; cadence step 2 (15/20/32); queue=1 retried under fullscreen with spike-counter guard."
2026-07-27T09:22:33,note,"Punch pass: speeds up within range cap, muzzle spawn offsets, muzzle+impact flash pool. Audio absence noted as the remaining floaty factor (M6)."
2026-07-27T09:23:52,note,"Session close: 'feels good for now' (provisional). M2+M3 engineering complete + feel-tuned in one session."
2026-07-27T09:42:23,note,"M4 START. Designer shipped wildshot-ui kit (doc-13 deliverable, gilded theme w/ recorded Law-6 chrome waiver). Devlog + GIF #1 posted by designer."
2026-07-27T09:56:55,note,"M4 tasks 16-18 done: UI kit themed everything, density meter (M), ability slot live (Space; swap in O panel). BOM + parse-error bugs caught by gates."
2026-07-27T10:13:48,note,"M4 task 21 done: scenarios+T reset+lowest-speed preset, debug emitter (first hostile fire), player death + Law-8 recap panel + session.jsonl evidence stream."
2026-07-27T10:31:32,note,"M4 engineering complete: console+god+slowmo+verdict cmd, hitboxes, UI scaling, all gates green. Assembler export in designer hands (docs/14)."
2026-07-27T10:38:24,note,"SS2.14 Amendment v2 APPROVED: assembler = actor source; docs/14 binding; designer building exporter. Emitter visual fixed (was invisible)."
2026-07-27T10:43:59,note,"Assembler consumer pipeline pre-built + fixture-proven (importer v2, library w/ cast->attack death->hurt fallbacks, CI gate). Ready for pack drop."
2026-07-27T10:48:01,note,"Assembler pack v0 dropped + integrated same hour: player = character-ranger at 1x, gates green, CI real-pack validation active. M5 enemies next."
2026-07-27T10:48:52,note,"Designer approves assembler ranger on sight ('alot better') - style call validated in the dusk arena. Session wrap: M2+M3+M4 complete, pack v0 integrated, all green."
2026-07-27T10:48:52,stop,"(reconstructed at next-session start: session-wrap note was logged but stop was missed; stop backdated to the wrap-note timestamp - zero minutes added)"
2026-07-27T10:59:08,start,"M5 session: EnemyDef family + 5-state machine + Rusher/Husk Archer (assembler sprites) + DodgeBot + canaries"
2026-07-27T11:13:38,note,"Full-enemy-catalog pack integrated (57 fam/202 var; importer shape adapter + catalog fixture; normalized imported manifest). Designer mapping locked: Rusher=wolf:gray, Husk=skeleton:archer. All gates green, pushed."
2026-07-27T11:30:02,note,"Enemy sim landed: EnemyDef/EmitterSlot/PatternDef + 5-state machine + Rusher/Husk at SS3.4 exact; smoke mechanizes contact cadence, telegraph lead 12, period 90, keep-range band; SERIAL v8, goldens regen, pushed."
2026-07-27T12:00:20,note,"DodgeBot landed: SS2.11 policy (16 headings via legal 8-dir frames, closed-form K=30), canaries calibrate (trivial PASS, wall MUST-FAIL fails t32), Rusher+Husk 3.0 ability-off proofs PASS 5x60s + first_contact composition bonus PASS. Parse-error hang cost ~20min (gotcha 3 strikes again)."
2026-07-27T12:10:59,note,"M5 ENGINEERING COMPLETE: emitter retired (SERIAL v9 + regen), recap pattern-keyed, TTK jsonl, live worst-case meter, band asserts, density audit PNG committed, spriteforge fully retired (CI slice step too). Both repos pushed; tracker updated."
2026-07-27T12:15:15,note,"PROVISIONAL feel note (marathon day): 'the game looks great rn' - M5 enemies on sight. Designer requests a more detailed lab map for behavior testing; arena enrichment starting (within SPEC-A one-arena bill; SS2.11 corner pocket)."
2026-07-27T12:36:20,note,"Detailed arena landed (builder v2: patches/decals/props; dungeon-room dressing; Law-6 stone patch cut). Rusher proof CAUGHT the regression (cornered SW); fixed via simulated-pursuit projection, horizon 60. All proofs re-pass; composition margin 0.121 flagged. Pushed both repos."
